{"name":null,"assets":"aoy4:pathy35:assets%2Fsongs%2Fblammed%2FInst.oggy4:sizei2325355y4:typey5:MUSICy2:idR1goR0y37:assets%2Fsongs%2Fblammed%2FVoices.oggR2i1361640R3R4R5R6goR0y35:assets%2Fsongs%2Fbopeebo%2FInst.oggR2i1354589R3R4R5R7goR0y37:assets%2Fsongs%2Fbopeebo%2FVoices.oggR2i872153R3y5:SOUNDR5R8goR0y33:assets%2Fsongs%2Fcocoa%2FInst.oggR2i2441140R3R4R5R10goR0y35:assets%2Fsongs%2Fcocoa%2FVoices.oggR2i1582309R3R4R5R11goR0y38:assets%2Fsongs%2Fdad-battle%2FInst.oggR2i1458429R3R4R5R12goR0y40:assets%2Fsongs%2Fdad-battle%2FVoices.oggR2i1093835R3R4R5R13goR0y34:assets%2Fsongs%2Feggnog%2FInst.oggR2i1818977R3R4R5R14goR0y36:assets%2Fsongs%2Feggnog%2FVoices.oggR2i1476707R3R4R5R15goR0y33:assets%2Fsongs%2Ffresh%2FInst.oggR2i1242140R3R4R5R16goR0y35:assets%2Fsongs%2Ffresh%2FVoices.oggR2i669070R3R9R5R17goR0y32:assets%2Fsongs%2Fhigh%2FInst.oggR2i2145631R3R4R5R18goR0y34:assets%2Fsongs%2Fhigh%2FVoices.oggR2i1651666R3R4R5R19goR0y32:assets%2Fsongs%2Fmilf%2FInst.oggR2i2502996R3R4R5R20goR0y34:assets%2Fsongs%2Fmilf%2FVoices.oggR2i2197380R3R4R5R21goR0y35:assets%2Fsongs%2Fmonster%2FInst.oggR2i2958475R3R4R5R22goR0y37:assets%2Fsongs%2Fmonster%2FVoices.oggR2i1212627R3R4R5R23goR0y39:assets%2Fsongs%2Fphilly-nice%2FInst.oggR2i1791249R3R4R5R24goR0y41:assets%2Fsongs%2Fphilly-nice%2FVoices.oggR2i1386319R3R4R5R25goR0y32:assets%2Fsongs%2Fpico%2FInst.oggR2i1494375R3R4R5R26goR0y34:assets%2Fsongs%2Fpico%2FVoices.oggR2i1106841R3R4R5R27goR0y33:assets%2Fsongs%2Froses%2FInst.oggR2i1730806R3R4R5R28goR0y35:assets%2Fsongs%2Froses%2FVoices.oggR2i1337017R3R4R5R29goR0y41:assets%2Fsongs%2Fsatin-panties%2FInst.oggR2i1705467R3R4R5R30goR0y43:assets%2Fsongs%2Fsatin-panties%2FVoices.oggR2i1641940R3R4R5R31goR0y34:assets%2Fsongs%2Fsenpai%2FInst.oggR2i1956580R3R4R5R32goR0y36:assets%2Fsongs%2Fsenpai%2FVoices.oggR2i1631138R3R4R5R33goR0y33:assets%2Fsongs%2Fsouth%2FInst.oggR2i1564577R3R4R5R34goR0y35:assets%2Fsongs%2Fsouth%2FVoices.oggR2i1026930R3R9R5R35goR0y36:assets%2Fsongs%2Fspookeez%2FInst.oggR2i1611036R3R4R5R36goR0y38:assets%2Fsongs%2Fspookeez%2FVoices.oggR2i1332725R3R4R5R37goR0y32:assets%2Fsongs%2Ftest%2FInst.oggR2i1977690R3R4R5R38goR0y34:assets%2Fsongs%2Ftest%2FVoices.oggR2i4733618R3R4R5R39goR0y34:assets%2Fsongs%2Fthorns%2FInst.oggR2i1908370R3R4R5R40goR0y36:assets%2Fsongs%2Fthorns%2FVoices.oggR2i1724454R3R4R5R41goR0y36:assets%2Fsongs%2Ftutorial%2FInst.oggR2i1129100R3R4R5R42goR0y45:assets%2Fsongs%2Fwinter-horrorland%2FInst.oggR2i2626805R3R4R5R43goR0y47:assets%2Fsongs%2Fwinter-horrorland%2FVoices.oggR2i1199782R3R4R5R44gh","rootPath":"../","version":2,"libraryArgs":[],"libraryType":null}