{"name":null,"assets":"aoy4:pathy42:assets%2Fweek2%2Fimages%2Fhalloween_bg.pngy4:sizei5482377y4:typey5:IMAGEy2:idR1goR0y42:assets%2Fweek2%2Fimages%2Fhalloween_bg.xmlR2i3663R3y4:TEXTR5R6goR0y46:assets%2Fweek2%2Fimages%2Fhalloween_bg_low.pngR2i266032R3R4R5R8goR0y39:assets%2Fweek2%2Fsounds%2Fthunder_1.oggR2i66346R3y5:SOUNDR5R9goR0y39:assets%2Fweek2%2Fsounds%2Fthunder_2.oggR2i126347R3R10R5R11goR0y37:assets%2Fweek2%2Fweek2_stuff_here.txtR2zR3R7R5R12gh","rootPath":"../","version":2,"libraryArgs":[],"libraryType":null}