{
	"position": [
		20,
		40
	],
	"dialogue_pos": "center",
	"scale": 1.3,
	"image": "GF_Dialogue",
	"animations": [
		{
			"idle_offsets": [
				-3,
				-6
			],
			"loop_offsets": [
				0,
				1
			],
			"anim": "talk",
			"idle_name": "GF0",
			"loop_name": "GF LOOP"
		},
		{
			"idle_offsets": [
				70,
				-11
			],
			"anim": "shocked",
			"loop_offsets": [
				70,
				0
			],
			"idle_name": "GF SHOCK0",
			"loop_name": "GF SHOCK LOOP"
		},
		{
			"idle_offsets": [
				-3,
				-6
			],
			"anim": "confused",
			"loop_offsets": [
				0,
				0
			],
			"idle_name": "GF CONFUSED0",
			"loop_name": "GF CONFUSED LOOP"
		},
		{
			"idle_offsets": [
				-3,
				-6
			],
			"anim": "demon",
			"loop_offsets": [
				0,
				0
			],
			"idle_name": "GF DEMON0",
			"loop_name": "GF DEMON LOOP"
		}
	]
}