﻿<?xml version="1.0" encoding="utf-8"?>
<TextureAtlas imagePath="menu_story_mode.png">
	<!-- Created with Adobe Animate version 21.0.1.37179 -->
	<!-- http://www.adobe.com/products/animate.html -->
	<SubTexture name="story_mode basic0000" x="1377" y="4" width="615" height="122" pivotX="8.4" pivotY="9.8"/>
	<SubTexture name="story_mode basic0001" x="1377" y="4" width="615" height="122"/>
	<SubTexture name="story_mode basic0002" x="1377" y="4" width="615" height="122"/>
	<SubTexture name="story_mode basic0003" x="4" y="133" width="615" height="122"/>
	<SubTexture name="story_mode basic0004" x="4" y="133" width="615" height="122"/>
	<SubTexture name="story_mode basic0005" x="4" y="133" width="615" height="122"/>
	<SubTexture name="story_mode basic0006" x="619" y="133" width="615" height="122"/>
	<SubTexture name="story_mode basic0007" x="619" y="133" width="615" height="122"/>
	<SubTexture name="story_mode basic0008" x="619" y="133" width="615" height="122"/>
	<SubTexture name="story_mode white0000" x="1234" y="133" width="796" height="173" pivotX="11.05" pivotY="17.15" frameX="0" frameY="-3" frameWidth="796" frameHeight="181"/>
	<SubTexture name="story_mode white0001" x="4" y="306" width="794" height="174" frameX="-2" frameY="-2" frameWidth="796" frameHeight="181"/>
	<SubTexture name="story_mode white0002" x="798" y="306" width="794" height="181" frameX="0" frameY="0" frameWidth="796" frameHeight="181"/>
</TextureAtlas>
