﻿<?xml version="1.0" encoding="utf-8"?>
<TextureAtlas imagePath="menu_awards.png">
	<!-- Created with Adobe Animate version 21.0.1.37179 -->
	<!-- http://www.adobe.com/products/animate.html -->
	<SubTexture name="awards basic0000" x="4" y="4" width="423" height="116" pivotX="-37.35" pivotY="34.5"/>
	<SubTexture name="awards basic0001" x="4" y="4" width="423" height="116"/>
	<SubTexture name="awards basic0002" x="4" y="4" width="423" height="116"/>
	<SubTexture name="awards basic0003" x="427" y="4" width="423" height="116"/>
	<SubTexture name="awards basic0004" x="427" y="4" width="423" height="116"/>
	<SubTexture name="awards basic0005" x="427" y="4" width="423" height="116"/>
	<SubTexture name="awards basic0006" x="4" y="120" width="423" height="116"/>
	<SubTexture name="awards basic0007" x="4" y="120" width="423" height="116"/>
	<SubTexture name="awards basic0008" x="4" y="120" width="423" height="116"/>
	<SubTexture name="awards white0000" x="427" y="120" width="560" height="156" pivotX="-37.4" pivotY="183.85" frameX="0" frameY="-8" frameWidth="562" frameHeight="174"/>
	<SubTexture name="awards white0001" x="4" y="276" width="558" height="167" frameX="-4" frameY="-5" frameWidth="562" frameHeight="174"/>
	<SubTexture name="awards white0002" x="4" y="443" width="557" height="174" frameX="-4" frameY="0" frameWidth="562" frameHeight="174"/>
</TextureAtlas>
