﻿<?xml version="1.0" encoding="utf-8"?>
<TextureAtlas imagePath="speech_bubble.png">
	<!-- Created with Adobe Animate version 21.0.1.37179 -->
	<!-- http://www.adobe.com/products/animate.html -->
	<SubTexture name="AHH speech bubble0000" x="4" y="4" width="1231" height="408" frameX="-9" frameY="-5" frameWidth="1241" frameHeight="421"/>
	<SubTexture name="AHH speech bubble0001" x="1239" y="4" width="1228" height="421" frameX="-9" frameY="0" frameWidth="1241" frameHeight="421"/>
	<SubTexture name="AHH speech bubble0002" x="2471" y="4" width="1241" height="393" frameX="0" frameY="-15" frameWidth="1241" frameHeight="421"/>
	<SubTexture name="AHH Speech Bubble middle0000" x="4" y="429" width="1231" height="381" frameX="-9" frameY="0" frameWidth="1241" frameHeight="389"/>
	<SubTexture name="AHH Speech Bubble middle0001" x="1239" y="429" width="1228" height="389" frameX="-9" frameY="0" frameWidth="1241" frameHeight="389"/>
	<SubTexture name="AHH Speech Bubble middle0002" x="2471" y="429" width="1241" height="376" frameX="0" frameY="0" frameWidth="1241" frameHeight="389"/>
	<SubTexture name="Speech Bubble Middle Open0000" x="3716" y="429" width="16" height="122" frameX="-589" frameY="0" frameWidth="1163" frameHeight="333"/>
	<SubTexture name="Speech Bubble Middle Open0001" x="3736" y="429" width="317" height="195" frameX="-439" frameY="-11" frameWidth="1163" frameHeight="333"/>
	<SubTexture name="Speech Bubble Middle Open0002" x="4" y="822" width="826" height="275" frameX="-158" frameY="-15" frameWidth="1163" frameHeight="333"/>
	<SubTexture name="Speech Bubble Middle Open0003" x="834" y="822" width="1163" height="303" frameX="0" frameY="-30" frameWidth="1163" frameHeight="333"/>
	<SubTexture name="Speech Bubble Normal Open0000" x="2001" y="822" width="40" height="118" frameX="-918" frameY="0" frameWidth="1163" frameHeight="330"/>
	<SubTexture name="Speech Bubble Normal Open0001" x="2045" y="822" width="318" height="201" frameX="-735" frameY="-5" frameWidth="1163" frameHeight="330"/>
	<SubTexture name="Speech Bubble Normal Open0002" x="2367" y="822" width="835" height="283" frameX="-287" frameY="-4" frameWidth="1163" frameHeight="330"/>
	<SubTexture name="Speech Bubble Normal Open0003" x="4" y="1129" width="1163" height="315" frameX="0" frameY="-15" frameWidth="1163" frameHeight="330"/>
	<SubTexture name="Speech Bubble Normal Open0004" x="4" y="1129" width="1163" height="315" frameX="0" frameY="-15" frameWidth="1163" frameHeight="330"/>
	<SubTexture name="speech bubble loud open0000" x="1175" y="1129" width="335" height="295" frameX="-655" frameY="-69" frameWidth="1175" frameHeight="436"/>
	<SubTexture name="speech bubble loud open0001" x="1514" y="1129" width="421" height="287" frameX="-586" frameY="-103" frameWidth="1175" frameHeight="436"/>
	<SubTexture name="speech bubble loud open0002" x="1939" y="1129" width="1124" height="387" frameX="-13" frameY="-36" frameWidth="1175" frameHeight="436"/>
	<SubTexture name="speech bubble loud open0003" x="4" y="1520" width="1175" height="436"/>
	<SubTexture name="speech bubble Middle loud open0000" x="1183" y="1520" width="334" height="296" frameX="-417" frameY="-51" frameWidth="1137" frameHeight="412"/>
	<SubTexture name="speech bubble Middle loud open0001" x="1521" y="1520" width="421" height="287" frameX="-345" frameY="-95" frameWidth="1137" frameHeight="412"/>
	<SubTexture name="speech bubble Middle loud open0002" x="1946" y="1520" width="1124" height="387" frameX="-13" frameY="-12" frameWidth="1137" frameHeight="412"/>
	<SubTexture name="speech bubble Middle loud open0003" x="4" y="1960" width="1107" height="412" frameX="0" frameY="0" frameWidth="1137" frameHeight="412"/>
	<SubTexture name="speech bubble middle0000" x="1115" y="1960" width="1162" height="319" frameX="0" frameY="0" frameWidth="1167" frameHeight="319"/>
	<SubTexture name="speech bubble middle0001" x="1115" y="1960" width="1162" height="319" frameX="0" frameY="0" frameWidth="1167" frameHeight="319"/>
	<SubTexture name="speech bubble middle0002" x="1115" y="1960" width="1162" height="319" frameX="0" frameY="0" frameWidth="1167" frameHeight="319"/>
	<SubTexture name="speech bubble middle0003" x="1115" y="1960" width="1162" height="319" frameX="0" frameY="0" frameWidth="1167" frameHeight="319"/>
	<SubTexture name="speech bubble middle0004" x="1115" y="1960" width="1162" height="319" frameX="0" frameY="0" frameWidth="1167" frameHeight="319"/>
	<SubTexture name="speech bubble middle0005" x="2281" y="1960" width="1160" height="310" frameX="-4" frameY="-4" frameWidth="1167" frameHeight="319"/>
	<SubTexture name="speech bubble middle0006" x="2281" y="1960" width="1160" height="310" frameX="-4" frameY="-4" frameWidth="1167" frameHeight="319"/>
	<SubTexture name="speech bubble middle0007" x="2281" y="1960" width="1160" height="310" frameX="-4" frameY="-4" frameWidth="1167" frameHeight="319"/>
	<SubTexture name="speech bubble middle0008" x="2281" y="1960" width="1160" height="310" frameX="-4" frameY="-4" frameWidth="1167" frameHeight="319"/>
	<SubTexture name="speech bubble middle0009" x="2281" y="1960" width="1160" height="310" frameX="-4" frameY="-4" frameWidth="1167" frameHeight="319"/>
	<SubTexture name="speech bubble middle0010" x="4" y="2376" width="1161" height="301" frameX="-6" frameY="-6" frameWidth="1167" frameHeight="319"/>
	<SubTexture name="speech bubble middle0011" x="4" y="2376" width="1161" height="301" frameX="-6" frameY="-6" frameWidth="1167" frameHeight="319"/>
	<SubTexture name="speech bubble middle0012" x="4" y="2376" width="1161" height="301" frameX="-6" frameY="-6" frameWidth="1167" frameHeight="319"/>
	<SubTexture name="speech bubble middle0013" x="4" y="2376" width="1161" height="301" frameX="-6" frameY="-6" frameWidth="1167" frameHeight="319"/>
	<SubTexture name="speech bubble middle0014" x="4" y="2376" width="1161" height="301" frameX="-6" frameY="-6" frameWidth="1167" frameHeight="319"/>
	<SubTexture name="speech bubble middle0015" x="1169" y="2376" width="1156" height="301" frameX="-9" frameY="-6" frameWidth="1167" frameHeight="319"/>
	<SubTexture name="speech bubble middle0016" x="1169" y="2376" width="1156" height="301" frameX="-9" frameY="-6" frameWidth="1167" frameHeight="319"/>
	<SubTexture name="speech bubble middle0017" x="1169" y="2376" width="1156" height="301" frameX="-9" frameY="-6" frameWidth="1167" frameHeight="319"/>
	<SubTexture name="speech bubble middle0018" x="1169" y="2376" width="1156" height="301" frameX="-9" frameY="-6" frameWidth="1167" frameHeight="319"/>
	<SubTexture name="speech bubble middle0019" x="1169" y="2376" width="1156" height="301" frameX="-9" frameY="-6" frameWidth="1167" frameHeight="319"/>
	<SubTexture name="speech bubble normal0000" x="2329" y="2376" width="1162" height="328" frameX="0" frameY="0" frameWidth="1167" frameHeight="328"/>
	<SubTexture name="speech bubble normal0001" x="2329" y="2376" width="1162" height="328" frameX="0" frameY="0" frameWidth="1167" frameHeight="328"/>
	<SubTexture name="speech bubble normal0002" x="2329" y="2376" width="1162" height="328" frameX="0" frameY="0" frameWidth="1167" frameHeight="328"/>
	<SubTexture name="speech bubble normal0003" x="2329" y="2376" width="1162" height="328" frameX="0" frameY="0" frameWidth="1167" frameHeight="328"/>
	<SubTexture name="speech bubble normal0004" x="2329" y="2376" width="1162" height="328" frameX="0" frameY="0" frameWidth="1167" frameHeight="328"/>
	<SubTexture name="speech bubble normal0005" x="4" y="2708" width="1160" height="318" frameX="-4" frameY="-5" frameWidth="1167" frameHeight="328"/>
	<SubTexture name="speech bubble normal0006" x="4" y="2708" width="1160" height="318" frameX="-4" frameY="-5" frameWidth="1167" frameHeight="328"/>
	<SubTexture name="speech bubble normal0007" x="4" y="2708" width="1160" height="318" frameX="-4" frameY="-5" frameWidth="1167" frameHeight="328"/>
	<SubTexture name="speech bubble normal0008" x="4" y="2708" width="1160" height="318" frameX="-4" frameY="-5" frameWidth="1167" frameHeight="328"/>
	<SubTexture name="speech bubble normal0009" x="4" y="2708" width="1160" height="318" frameX="-4" frameY="-5" frameWidth="1167" frameHeight="328"/>
	<SubTexture name="speech bubble normal0010" x="1168" y="2708" width="1161" height="315" frameX="-6" frameY="-1" frameWidth="1167" frameHeight="328"/>
	<SubTexture name="speech bubble normal0011" x="1168" y="2708" width="1161" height="315" frameX="-6" frameY="-1" frameWidth="1167" frameHeight="328"/>
	<SubTexture name="speech bubble normal0012" x="1168" y="2708" width="1161" height="315" frameX="-6" frameY="-1" frameWidth="1167" frameHeight="328"/>
	<SubTexture name="speech bubble normal0013" x="1168" y="2708" width="1161" height="315" frameX="-6" frameY="-1" frameWidth="1167" frameHeight="328"/>
	<SubTexture name="speech bubble normal0014" x="1168" y="2708" width="1161" height="315" frameX="-6" frameY="-1" frameWidth="1167" frameHeight="328"/>
	<SubTexture name="speech bubble normal0015" x="2333" y="2708" width="1156" height="311" frameX="-9" frameY="-5" frameWidth="1167" frameHeight="328"/>
	<SubTexture name="speech bubble normal0016" x="2333" y="2708" width="1156" height="311" frameX="-9" frameY="-5" frameWidth="1167" frameHeight="328"/>
	<SubTexture name="speech bubble normal0017" x="2333" y="2708" width="1156" height="311" frameX="-9" frameY="-5" frameWidth="1167" frameHeight="328"/>
	<SubTexture name="speech bubble normal0018" x="2333" y="2708" width="1156" height="311" frameX="-9" frameY="-5" frameWidth="1167" frameHeight="328"/>
	<SubTexture name="speech bubble normal0019" x="2333" y="2708" width="1156" height="311" frameX="-9" frameY="-5" frameWidth="1167" frameHeight="328"/>
</TextureAtlas>
