{
	"animations": [
		{
			"loop": false,
			"offsets": [
				0,
				0
			],
			"anim": "idle",
			"fps": 24,
			"name": "Mom Idle",
			"indices": []
		},
		{
			"loop": false,
			"offsets": [
				250,
				-23
			],
			"anim": "singLEFT",
			"fps": 24,
			"name": "Mom Left Pose",
			"indices": []
		},
		{
			"loop": false,
			"offsets": [
				10,
				-60
			],
			"anim": "singRIGHT",
			"fps": 24,
			"name": "Mom Pose Left",
			"indices": []
		},
		{
			"loop": false,
			"offsets": [
				20,
				-160
			],
			"anim": "singDOWN",
			"fps": 24,
			"name": "MOM DOWN POSE",
			"indices": []
		},
		{
			"loop": false,
			"offsets": [
				14,
				71
			],
			"anim": "singUP",
			"fps": 24,
			"name": "Mom Up Pose",
			"indices": []
		}
	],
	"no_antialiasing": false,
	"image": "characters/Mom_Assets",
	"position": [
		0,
		0
	],
	"healthicon": "mom",
	"flip_x": false,
	"healthbar_colors": [
		216,
		85,
		142
	],
	"camera_position": [
		0,
		0
	],
	"sing_duration": 4,
	"scale": 1
}