﻿<?xml version="1.0" encoding="utf-8"?>
<TextureAtlas imagePath="Menu_Senpai.png">
	<!-- Created with Adobe Animate version 21.0.1.37179 -->
	<!-- http://www.adobe.com/products/animate.html -->
	<SubTexture name="M Senpai Idle0000" x="4" y="4" width="337" height="288" pivotX="0" pivotY="0"/>
	<SubTexture name="M Senpai Idle0001" x="4" y="4" width="337" height="288"/>
	<SubTexture name="M Senpai Idle0002" x="341" y="4" width="337" height="288"/>
	<SubTexture name="M Senpai Idle0003" x="341" y="4" width="337" height="288"/>
	<SubTexture name="M Senpai Idle0004" x="678" y="4" width="337" height="288"/>
	<SubTexture name="M Senpai Idle0005" x="678" y="4" width="337" height="288"/>
	<SubTexture name="M Senpai Idle0006" x="4" y="292" width="337" height="288"/>
	<SubTexture name="M Senpai Idle0007" x="4" y="292" width="337" height="288"/>
	<SubTexture name="M Senpai Idle0008" x="341" y="292" width="337" height="288"/>
	<SubTexture name="M Senpai Idle0009" x="341" y="292" width="337" height="288"/>
	<SubTexture name="M Senpai Idle0010" x="341" y="292" width="337" height="288"/>
	<SubTexture name="M Senpai Idle0011" x="341" y="292" width="337" height="288"/>
	<SubTexture name="M Senpai Idle0012" x="341" y="292" width="337" height="288"/>
	<SubTexture name="M Senpai Idle0013" x="341" y="292" width="337" height="288"/>
</TextureAtlas>
