﻿<?xml version="1.0" encoding="utf-8"?>
<TextureAtlas imagePath="Menu_Parents.png">
	<!-- Created with Adobe Animate version 21.0.1.37179 -->
	<!-- http://www.adobe.com/products/animate.html -->
	<SubTexture name="M Parents Idle0000" x="0" y="0" width="420" height="373" pivotX="2.9" pivotY="2.45" frameX="-2" frameY="-2" frameWidth="424" frameHeight="375"/>
	<SubTexture name="M Parents Idle0001" x="0" y="0" width="420" height="373" frameX="-2" frameY="-2" frameWidth="424" frameHeight="375"/>
	<SubTexture name="M Parents Idle0002" x="424" y="0" width="420" height="365" frameX="0" frameY="-10" frameWidth="424" frameHeight="375"/>
	<SubTexture name="M Parents Idle0003" x="424" y="0" width="420" height="365" frameX="0" frameY="-10" frameWidth="424" frameHeight="375"/>
	<SubTexture name="M Parents Idle0004" x="848" y="0" width="421" height="368" frameX="-2" frameY="-7" frameWidth="424" frameHeight="375"/>
	<SubTexture name="M Parents Idle0005" x="848" y="0" width="421" height="368" frameX="-2" frameY="-7" frameWidth="424" frameHeight="375"/>
	<SubTexture name="M Parents Idle0006" x="1273" y="0" width="416" height="373" frameX="-8" frameY="-2" frameWidth="424" frameHeight="375"/>
	<SubTexture name="M Parents Idle0007" x="1273" y="0" width="416" height="373" frameX="-8" frameY="-2" frameWidth="424" frameHeight="375"/>
	<SubTexture name="M Parents Idle0008" x="0" y="377" width="416" height="374" frameX="-8" frameY="-1" frameWidth="424" frameHeight="375"/>
	<SubTexture name="M Parents Idle0009" x="0" y="377" width="416" height="374" frameX="-8" frameY="-1" frameWidth="424" frameHeight="375"/>
	<SubTexture name="M Parents Idle0010" x="420" y="377" width="416" height="375" frameX="-8" frameY="0" frameWidth="424" frameHeight="375"/>
	<SubTexture name="M Parents Idle0011" x="420" y="377" width="416" height="375" frameX="-8" frameY="0" frameWidth="424" frameHeight="375"/>
	<SubTexture name="M Parents Idle0012" x="420" y="377" width="416" height="375" frameX="-8" frameY="0" frameWidth="424" frameHeight="375"/>
	<SubTexture name="M Parents Idle0013" x="420" y="377" width="416" height="375" frameX="-8" frameY="0" frameWidth="424" frameHeight="375"/>
</TextureAtlas>
