﻿<?xml version="1.0" encoding="utf-8"?>
<TextureAtlas imagePath="Menu_GF.png">
	<!-- Created with Adobe Animate version 21.0.1.37179 -->
	<!-- http://www.adobe.com/products/animate.html -->
	<SubTexture name="M GF Idle0000" x="4" y="4" width="340" height="308" pivotX="0" pivotY="5.4" frameX="0" frameY="-5" frameWidth="340" frameHeight="313"/>
	<SubTexture name="M GF Idle0001" x="348" y="4" width="340" height="308" frameX="0" frameY="-5" frameWidth="340" frameHeight="313"/>
	<SubTexture name="M GF Idle0002" x="692" y="4" width="340" height="310" frameX="0" frameY="-3" frameWidth="340" frameHeight="313"/>
	<SubTexture name="M GF Idle0003" x="692" y="4" width="340" height="310" frameX="0" frameY="-3" frameWidth="340" frameHeight="313"/>
	<SubTexture name="M GF Idle0004" x="692" y="4" width="340" height="310" frameX="0" frameY="-3" frameWidth="340" frameHeight="313"/>
	<SubTexture name="M GF Idle0005" x="1036" y="4" width="340" height="310" frameX="0" frameY="-3" frameWidth="340" frameHeight="313"/>
	<SubTexture name="M GF Idle0006" x="1036" y="4" width="340" height="310" frameX="0" frameY="-3" frameWidth="340" frameHeight="313"/>
	<SubTexture name="M GF Idle0007" x="1036" y="4" width="340" height="310" frameX="0" frameY="-3" frameWidth="340" frameHeight="313"/>
	<SubTexture name="M GF Idle0008" x="1380" y="4" width="340" height="310" frameX="0" frameY="-3" frameWidth="340" frameHeight="313"/>
	<SubTexture name="M GF Idle0009" x="1380" y="4" width="340" height="310" frameX="0" frameY="-3" frameWidth="340" frameHeight="313"/>
	<SubTexture name="M GF Idle0010" x="4" y="318" width="338" height="307" frameX="-1" frameY="-6" frameWidth="340" frameHeight="313"/>
	<SubTexture name="M GF Idle0011" x="346" y="318" width="340" height="307" frameX="0" frameY="-6" frameWidth="340" frameHeight="313"/>
	<SubTexture name="M GF Idle0012" x="690" y="318" width="340" height="306" frameX="0" frameY="-7" frameWidth="340" frameHeight="313"/>
	<SubTexture name="M GF Idle0013" x="1034" y="318" width="340" height="306" frameX="0" frameY="-7" frameWidth="340" frameHeight="313"/>
	<SubTexture name="M GF Idle0014" x="1378" y="318" width="340" height="308" frameX="0" frameY="-5" frameWidth="340" frameHeight="313"/>
	<SubTexture name="M GF Idle0015" x="4" y="630" width="340" height="308" frameX="0" frameY="-5" frameWidth="340" frameHeight="313"/>
	<SubTexture name="M GF Idle0016" x="348" y="630" width="340" height="308" frameX="0" frameY="-5" frameWidth="340" frameHeight="313"/>
	<SubTexture name="M GF Idle0017" x="692" y="630" width="340" height="313"/>
	<SubTexture name="M GF Idle0018" x="692" y="630" width="340" height="313"/>
	<SubTexture name="M GF Idle0019" x="692" y="630" width="340" height="313"/>
	<SubTexture name="M GF Idle0020" x="1036" y="630" width="340" height="313"/>
	<SubTexture name="M GF Idle0021" x="1036" y="630" width="340" height="313"/>
	<SubTexture name="M GF Idle0022" x="1036" y="630" width="340" height="313"/>
	<SubTexture name="M GF Idle0023" x="1380" y="630" width="340" height="313"/>
	<SubTexture name="M GF Idle0024" x="1380" y="630" width="340" height="313"/>
	<SubTexture name="M GF Idle0025" x="4" y="947" width="340" height="308" frameX="0" frameY="-5" frameWidth="340" frameHeight="313"/>
	<SubTexture name="M GF Idle0026" x="4" y="947" width="340" height="308" frameX="0" frameY="-5" frameWidth="340" frameHeight="313"/>
	<SubTexture name="M GF Idle0027" x="348" y="947" width="340" height="308" frameX="0" frameY="-5" frameWidth="340" frameHeight="313"/>
	<SubTexture name="M GF Idle0028" x="692" y="947" width="340" height="308" frameX="0" frameY="-5" frameWidth="340" frameHeight="313"/>
	<SubTexture name="M GF Idle0029" x="1036" y="947" width="340" height="308" frameX="0" frameY="-5" frameWidth="340" frameHeight="313"/>
</TextureAtlas>
