<?xml version='1.0' encoding='utf-8'?>
<TextureAtlas imagePath="wiliam.png"><SubTexture name="wiliam down0000" x="0" y="0" width="648" height="668" frameX="0" frameY="0" frameWidth="648" frameHeight="668" />
<SubTexture name="wiliam down0001" x="648" y="0" width="648" height="668" frameX="0" frameY="0" frameWidth="648" frameHeight="668" />
<SubTexture name="wiliam idle0000" x="1296" y="0" width="648" height="668" frameX="0" frameY="0" frameWidth="648" frameHeight="668" />
<SubTexture name="wiliam idle0001" x="0" y="668" width="648" height="668" frameX="0" frameY="0" frameWidth="648" frameHeight="668" />
<SubTexture name="wiliam idle0002" x="648" y="668" width="648" height="668" frameX="0" frameY="0" frameWidth="648" frameHeight="668" />
<SubTexture name="wiliam idle0003" x="1296" y="668" width="648" height="668" frameX="0" frameY="0" frameWidth="648" frameHeight="668" />
<SubTexture name="wiliam idle0004" x="0" y="1336" width="648" height="668" frameX="0" frameY="0" frameWidth="648" frameHeight="668" />
<SubTexture name="wiliam left0000" x="648" y="1336" width="648" height="668" frameX="0" frameY="0" frameWidth="648" frameHeight="668" />
<SubTexture name="wiliam left0001" x="1296" y="1336" width="648" height="668" frameX="0" frameY="0" frameWidth="648" frameHeight="668" />
<SubTexture name="wiliam right0000" x="0" y="2004" width="648" height="668" frameX="0" frameY="0" frameWidth="648" frameHeight="668" />
<SubTexture name="wiliam right0001" x="648" y="2004" width="648" height="668" frameX="0" frameY="0" frameWidth="648" frameHeight="668" />
<SubTexture name="wiliam up0000" x="1296" y="2004" width="648" height="668" frameX="0" frameY="0" frameWidth="648" frameHeight="668" />
<SubTexture name="wiliam up0001" x="0" y="2672" width="648" height="668" frameX="0" frameY="0" frameWidth="648" frameHeight="668" />
</TextureAtlas>
