{
	"animations": [
		{
			"loop": false,
			"offsets": [
				0,
				0
			],
			"anim": "idle",
			"fps": 24,
			"name": "MARCELLO idle dance",
			"indices": []
		},
		{
			"loop": false,
			"offsets": [
				0,
				0
			],
			"anim": "singDOWN",
			"fps": 24,
			"name": "MARCELLO NOTE DOWN",
			"indices": []
		},
		{
			"loop": false,
			"offsets": [
				0,
				0
			],
			"anim": "singUP",
			"fps": 24,
			"name": "MARCELLO NOTE UP",
			"indices": []
		},
		{
			"loop": false,
			"offsets": [
				0,
				0
			],
			"anim": "singRIGHT",
			"fps": 24,
			"name": "MARCELLO NOTE LEFT",
			"indices": []
		},
		{
			"loop": false,
			"offsets": [
				0,
				0
			],
			"anim": "singLEFT",
			"fps": 24,
			"name": "MARCELLO NOTE RIGHT",
			"indices": []
		}
	],
	"no_antialiasing": false,
	"image": "characters/bambi-guitar",
	"position": [
		50,
		370
	],
	"healthicon": "bambi",
	"flip_x": true,
	"healthbar_colors": [
		12,
		181,
		0
	],
	"camera_position": [
		0,
		0
	],
	"sing_duration": 6.1,
	"scale": 1
}