﻿<?xml version="1.0" encoding="utf-8"?>
<TextureAtlas imagePath="noteSplashes.png">
	<!-- Created with Adobe Animate version 21.0.7.42652 -->
	<!-- http://www.adobe.com/products/animate.html -->
	<SubTexture name="note splash blue 10000" x="0" y="0" width="194" height="186" frameX="-77" frameY="-87" frameWidth="291" frameHeight="303"/>
	<SubTexture name="note splash blue 10001" x="199" y="0" width="220" height="218" frameX="-61" frameY="-64" frameWidth="291" frameHeight="303"/>
	<SubTexture name="note splash blue 10002" x="424" y="0" width="284" height="293" frameX="-37" frameY="-32" frameWidth="291" frameHeight="303"/>
	<SubTexture name="note splash blue 10003" x="713" y="0" width="291" height="303" frameX="-30" frameY="-30" frameWidth="291" frameHeight="303"/>
	<SubTexture name="note splash blue 20000" x="1009" y="0" width="202" height="211" frameX="-69" frameY="-68" frameWidth="315" frameHeight="321"/>
	<SubTexture name="note splash blue 20001" x="1216" y="0" width="235" height="240" frameX="-47" frameY="-45" frameWidth="315" frameHeight="321"/>
	<SubTexture name="note splash blue 20002" x="1456" y="0" width="298" height="315" frameX="-9" frameY="-6" frameWidth="315" frameHeight="321"/>
	<SubTexture name="note splash blue 20003" x="0" y="320" width="315" height="321"/>
	<SubTexture name="note splash green 10000" x="320" y="320" width="194" height="186" frameX="-77" frameY="-87" frameWidth="291" frameHeight="303"/>
	<SubTexture name="note splash green 10001" x="519" y="320" width="220" height="218" frameX="-61" frameY="-64" frameWidth="291" frameHeight="303"/>
	<SubTexture name="note splash green 10002" x="744" y="320" width="284" height="293" frameX="-37" frameY="-32" frameWidth="291" frameHeight="303"/>
	<SubTexture name="note splash green 10003" x="1033" y="320" width="291" height="303" frameX="-30" frameY="-30" frameWidth="291" frameHeight="303"/>
	<SubTexture name="note splash green 20000" x="1329" y="320" width="202" height="211" frameX="-69" frameY="-68" frameWidth="315" frameHeight="321"/>
	<SubTexture name="note splash green 20001" x="1536" y="320" width="235" height="240" frameX="-47" frameY="-45" frameWidth="315" frameHeight="321"/>
	<SubTexture name="note splash green 20002" x="0" y="646" width="298" height="315" frameX="-9" frameY="-6" frameWidth="315" frameHeight="321"/>
	<SubTexture name="note splash green 20003" x="303" y="646" width="315" height="321"/>
	<SubTexture name="note splash purple 10000" x="623" y="646" width="194" height="186" frameX="-77" frameY="-87" frameWidth="291" frameHeight="303"/>
	<SubTexture name="note splash purple 10001" x="822" y="646" width="220" height="218" frameX="-61" frameY="-64" frameWidth="291" frameHeight="303"/>
	<SubTexture name="note splash purple 10002" x="1047" y="646" width="284" height="293" frameX="-37" frameY="-32" frameWidth="291" frameHeight="303"/>
	<SubTexture name="note splash purple 10003" x="1336" y="646" width="291" height="303" frameX="-30" frameY="-30" frameWidth="291" frameHeight="303"/>
	<SubTexture name="note splash purple 20000" x="1632" y="646" width="202" height="211" frameX="-69" frameY="-68" frameWidth="315" frameHeight="321"/>
	<SubTexture name="note splash purple 20001" x="0" y="972" width="235" height="240" frameX="-47" frameY="-45" frameWidth="315" frameHeight="321"/>
	<SubTexture name="note splash purple 20002" x="240" y="972" width="298" height="315" frameX="-9" frameY="-6" frameWidth="315" frameHeight="321"/>
	<SubTexture name="note splash purple 20003" x="543" y="972" width="315" height="321"/>
	<SubTexture name="note splash red 10000" x="863" y="972" width="194" height="186" frameX="-77" frameY="-87" frameWidth="291" frameHeight="303"/>
	<SubTexture name="note splash red 10001" x="1062" y="972" width="220" height="218" frameX="-61" frameY="-64" frameWidth="291" frameHeight="303"/>
	<SubTexture name="note splash red 10002" x="1287" y="972" width="284" height="293" frameX="-37" frameY="-32" frameWidth="291" frameHeight="303"/>
	<SubTexture name="note splash red 10003" x="1576" y="972" width="291" height="303" frameX="-30" frameY="-30" frameWidth="291" frameHeight="303"/>
	<SubTexture name="note splash red 20000" x="0" y="1298" width="202" height="211" frameX="-69" frameY="-68" frameWidth="315" frameHeight="321"/>
	<SubTexture name="note splash red 20001" x="207" y="1298" width="235" height="240" frameX="-47" frameY="-45" frameWidth="315" frameHeight="321"/>
	<SubTexture name="note splash red 20002" x="447" y="1298" width="298" height="315" frameX="-9" frameY="-6" frameWidth="315" frameHeight="321"/>
	<SubTexture name="note splash red 20003" x="750" y="1298" width="315" height="321"/>
</TextureAtlas>
